Workbook

Sheet Payroll
A1: 305 SKY LLC — Payroll
A2: Pay period: Oct 2 – Oct 8, 2026 (Weekly; workweek runs Fri–Thu)
A4: Overtime after (hrs / week) | B4: 40
A5: Overtime multiplier | B5: 1.5
A7: Employee | B7: Week | C7: Rate | D7: Hours Worked | E7: Hours Withheld | F7: Payable Hrs | G7: Regular Hrs | H7: OT Hrs | I7: Regular Pay | J7: OT Pay | K7: Gross Pay | L7: Flag
A8: Christopher Perez | B8: 1 | C8: =IFERROR(IF(INDEX(Rates!$B$2:$B$14,MATCH(A8,Rates!$A$2:$A$14,0))="","",INDEX(Rates!$B$2:$B$14,MATCH(A8,Rates!$A$2:$A$14,0))),"") | D8: =ROUND(SUMIFS('Hours Detail'!$J$2:$J$13,'Hours Detail'!$A$2:$A$13,A8),2) -> 34.4 | E8: =IFERROR(INDEX(Rates!$C$2:$C$14,MATCH(A8,Rates!$A$2:$A$14,0)),0) -> 0 | F8: =ROUND(MAX(D8-E8,0),2) -> 34.4 | G8: =MIN(F8,$B$4) -> 34.4 | H8: =ROUND(MAX(F8-$B$4,0),2) -> 0 | I8: =IF(C8="","",ROUND(G8*C8,2)) | J8: =IF(C8="","",ROUND(H8*C8*$B$5,2)) | K8: =IF(C8="","",I8+J8) | L8: =IF(C8="","RATE NEEDED",IF(E8>0,"Hours withheld — confirm","")) -> RATE NEEDED
A9: Eduardo Gutierrez | B9: 1 | C9: =IFERROR(IF(INDEX(Rates!$B$2:$B$14,MATCH(A9,Rates!$A$2:$A$14,0))="","",INDEX(Rates!$B$2:$B$14,MATCH(A9,Rates!$A$2:$A$14,0))),"") -> 28 | D9: =ROUND(SUMIFS('Hours Detail'!$J$2:$J$13,'Hours Detail'!$A$2:$A$13,A9),2) -> 41.5 | E9: =IFERROR(INDEX(Rates!$C$2:$C$14,MATCH(A9,Rates!$A$2:$A$14,0)),0) -> 0 | F9: =ROUND(MAX(D9-E9,0),2) -> 41.5 | G9: =MIN(F9,$B$4) -> 40 | H9: =ROUND(MAX(F9-$B$4,0),2) -> 1.5 | I9: =IF(C9="","",ROUND(G9*C9,2)) -> 1120 | J9: =IF(C9="","",ROUND(H9*C9*$B$5,2)) -> 63 | K9: =IF(C9="","",I9+J9) -> 1183 | L9: =IF(C9="","RATE NEEDED",IF(E9>0,"Hours withheld — confirm",""))
A10: Enriquillo Munoz | B10: 1 | C10: =IFERROR(IF(INDEX(Rates!$B$2:$B$14,MATCH(A10,Rates!$A$2:$A$14,0))="","",INDEX(Rates!$B$2:$B$14,MATCH(A10,Rates!$A$2:$A$14,0))),"") -> 35 | D10: =ROUND(SUMIFS('Hours Detail'!$J$2:$J$13,'Hours Detail'!$A$2:$A$13,A10),2) -> 39.8 | E10: =IFERROR(INDEX(Rates!$C$2:$C$14,MATCH(A10,Rates!$A$2:$A$14,0)),0) -> 0 | F10: =ROUND(MAX(D10-E10,0),2) -> 39.8 | G10: =MIN(F10,$B$4) -> 39.8 | H10: =ROUND(MAX(F10-$B$4,0),2) -> 0 | I10: =IF(C10="","",ROUND(G10*C10,2)) -> 1393 | J10: =IF(C10="","",ROUND(H10*C10*$B$5,2)) -> 0 | K10: =IF(C10="","",I10+J10) -> 1393 | L10: =IF(C10="","RATE NEEDED",IF(E10>0,"Hours withheld — confirm",""))
A11: Johnley Theagene | B11: 1 | C11: =IFERROR(IF(INDEX(Rates!$B$2:$B$14,MATCH(A11,Rates!$A$2:$A$14,0))="","",INDEX(Rates!$B$2:$B$14,MATCH(A11,Rates!$A$2:$A$14,0))),"") | D11: =ROUND(SUMIFS('Hours Detail'!$J$2:$J$13,'Hours Detail'!$A$2:$A$13,A11),2) -> 43.4 | E11: =IFERROR(INDEX(Rates!$C$2:$C$14,MATCH(A11,Rates!$A$2:$A$14,0)),0) -> 0 | F11: =ROUND(MAX(D11-E11,0),2) -> 43.4 | G11: =MIN(F11,$B$4) -> 40 | H11: =ROUND(MAX(F11-$B$4,0),2) -> 3.4 | I11: =IF(C11="","",ROUND(G11*C11,2)) | J11: =IF(C11="","",ROUND(H11*C11*$B$5,2)) | K11: =IF(C11="","",I11+J11) | L11: =IF(C11="","RATE NEEDED",IF(E11>0,"Hours withheld — confirm","")) -> RATE NEEDED
A12: Marcelo Rodrigues | B12: 1 | C12: =IFERROR(IF(INDEX(Rates!$B$2:$B$14,MATCH(A12,Rates!$A$2:$A$14,0))="","",INDEX(Rates!$B$2:$B$14,MATCH(A12,Rates!$A$2:$A$14,0))),"") -> 30 | D12: =ROUND(SUMIFS('Hours Detail'!$J$2:$J$13,'Hours Detail'!$A$2:$A$13,A12),2) -> 45.7 | E12: =IFERROR(INDEX(Rates!$C$2:$C$14,MATCH(A12,Rates!$A$2:$A$14,0)),0) -> 0 | F12: =ROUND(MAX(D12-E12,0),2) -> 45.7 | G12: =MIN(F12,$B$4) -> 40 | H12: =ROUND(MAX(F12-$B$4,0),2) -> 5.7 | I12: =IF(C12="","",ROUND(G12*C12,2)) -> 1200 | J12: =IF(C12="","",ROUND(H12*C12*$B$5,2)) -> 256.5 | K12: =IF(C12="","",I12+J12) -> 1456.5 | L12: =IF(C12="","RATE NEEDED",IF(E12>0,"Hours withheld — confirm",""))
A13: Marco Paz | B13: 1 | C13: =IFERROR(IF(INDEX(Rates!$B$2:$B$14,MATCH(A13,Rates!$A$2:$A$14,0))="","",INDEX(Rates!$B$2:$B$14,MATCH(A13,Rates!$A$2:$A$14,0))),"") -> 26 | D13: =ROUND(SUMIFS('Hours Detail'!$J$2:$J$13,'Hours Detail'!$A$2:$A$13,A13),2) -> 36.6 | E13: =IFERROR(INDEX(Rates!$C$2:$C$14,MATCH(A13,Rates!$A$2:$A$14,0)),0) -> 0 | F13: =ROUND(MAX(D13-E13,0),2) -> 36.6 | G13: =MIN(F13,$B$4) -> 36.6 | H13: =ROUND(MAX(F13-$B$4,0),2) -> 0 | I13: =IF(C13="","",ROUND(G13*C13,2)) -> 951.6 | J13: =IF(C13="","",ROUND(H13*C13*$B$5,2)) -> 0 | K13: =IF(C13="","",I13+J13) -> 951.6 | L13: =IF(C13="","RATE NEEDED",IF(E13>0,"Hours withheld — confirm",""))
A14: Mateo Moreno | B14: 1 | C14: =IFERROR(IF(INDEX(Rates!$B$2:$B$14,MATCH(A14,Rates!$A$2:$A$14,0))="","",INDEX(Rates!$B$2:$B$14,MATCH(A14,Rates!$A$2:$A$14,0))),"") -> 20 | D14: =ROUND(SUMIFS('Hours Detail'!$J$2:$J$13,'Hours Detail'!$A$2:$A$13,A14),2) -> 23.4 | E14: =IFERROR(INDEX(Rates!$C$2:$C$14,MATCH(A14,Rates!$A$2:$A$14,0)),0) -> 10 | F14: =ROUND(MAX(D14-E14,0),2) -> 13.4 | G14: =MIN(F14,$B$4) -> 13.4 | H14: =ROUND(MAX(F14-$B$4,0),2) -> 0 | I14: =IF(C14="","",ROUND(G14*C14,2)) -> 268 | J14: =IF(C14="","",ROUND(H14*C14*$B$5,2)) -> 0 | K14: =IF(C14="","",I14+J14) -> 268 | L14: =IF(C14="","RATE NEEDED",IF(E14>0,"Hours withheld — confirm","")) -> Hours withheld — confirm
A15: Nestor Marrero | B15: 1 | C15: =IFERROR(IF(INDEX(Rates!$B$2:$B$14,MATCH(A15,Rates!$A$2:$A$14,0))="","",INDEX(Rates!$B$2:$B$14,MATCH(A15,Rates!$A$2:$A$14,0))),"") -> 20 | D15: =ROUND(SUMIFS('Hours Detail'!$J$2:$J$13,'Hours Detail'!$A$2:$A$13,A15),2) -> 44.1 | E15: =IFERROR(INDEX(Rates!$C$2:$C$14,MATCH(A15,Rates!$A$2:$A$14,0)),0) -> 0 | F15: =ROUND(MAX(D15-E15,0),2) -> 44.1 | G15: =MIN(F15,$B$4) -> 40 | H15: =ROUND(MAX(F15-$B$4,0),2) -> 4.1 | I15: =IF(C15="","",ROUND(G15*C15,2)) -> 800 | J15: =IF(C15="","",ROUND(H15*C15*$B$5,2)) -> 123 | K15: =IF(C15="","",I15+J15) -> 923 | L15: =IF(C15="","RATE NEEDED",IF(E15>0,"Hours withheld — confirm",""))
A16: Robert Gil | B16: 1 | C16: =IFERROR(IF(INDEX(Rates!$B$2:$B$14,MATCH(A16,Rates!$A$2:$A$14,0))="","",INDEX(Rates!$B$2:$B$14,MATCH(A16,Rates!$A$2:$A$14,0))),"") -> 40 | D16: =ROUND(SUMIFS('Hours Detail'!$J$2:$J$13,'Hours Detail'!$A$2:$A$13,A16),2) -> 44.4 | E16: =IFERROR(INDEX(Rates!$C$2:$C$14,MATCH(A16,Rates!$A$2:$A$14,0)),0) -> 0 | F16: =ROUND(MAX(D16-E16,0),2) -> 44.4 | G16: =MIN(F16,$B$4) -> 40 | H16: =ROUND(MAX(F16-$B$4,0),2) -> 4.4 | I16: =IF(C16="","",ROUND(G16*C16,2)) -> 1600 | J16: =IF(C16="","",ROUND(H16*C16*$B$5,2)) -> 264 | K16: =IF(C16="","",I16+J16) -> 1864 | L16: =IF(C16="","RATE NEEDED",IF(E16>0,"Hours withheld — confirm",""))
A17: Rodrigo Cunha | B17: 1 | C17: =IFERROR(IF(INDEX(Rates!$B$2:$B$14,MATCH(A17,Rates!$A$2:$A$14,0))="","",INDEX(Rates!$B$2:$B$14,MATCH(A17,Rates!$A$2:$A$14,0))),"") -> 30 | D17: =ROUND(SUMIFS('Hours Detail'!$J$2:$J$13,'Hours Detail'!$A$2:$A$13,A17),2) -> 50.4 | E17: =IFERROR(INDEX(Rates!$C$2:$C$14,MATCH(A17,Rates!$A$2:$A$14,0)),0) -> 0 | F17: =ROUND(MAX(D17-E17,0),2) -> 50.4 | G17: =MIN(F17,$B$4) -> 40 | H17: =ROUND(MAX(F17-$B$4,0),2) -> 10.4 | I17: =IF(C17="","",ROUND(G17*C17,2)) -> 1200 | J17: =IF(C17="","",ROUND(H17*C17*$B$5,2)) -> 468 | K17: =IF(C17="","",I17+J17) -> 1668 | L17: =IF(C17="","RATE NEEDED",IF(E17>0,"Hours withheld — confirm",""))
A18: Ryan Willis | B18: 1 | C18: =IFERROR(IF(INDEX(Rates!$B$2:$B$14,MATCH(A18,Rates!$A$2:$A$14,0))="","",INDEX(Rates!$B$2:$B$14,MATCH(A18,Rates!$A$2:$A$14,0))),"") | D18: =ROUND(SUMIFS('Hours Detail'!$J$2:$J$13,'Hours Detail'!$A$2:$A$13,A18),2) -> 46.4 | E18: =IFERROR(INDEX(Rates!$C$2:$C$14,MATCH(A18,Rates!$A$2:$A$14,0)),0) -> 0 | F18: =ROUND(MAX(D18-E18,0),2) -> 46.4 | G18: =MIN(F18,$B$4) -> 40 | H18: =ROUND(MAX(F18-$B$4,0),2) -> 6.4 | I18: =IF(C18="","",ROUND(G18*C18,2)) | J18: =IF(C18="","",ROUND(H18*C18*$B$5,2)) | K18: =IF(C18="","",I18+J18) | L18: =IF(C18="","RATE NEEDED",IF(E18>0,"Hours withheld — confirm","")) -> RATE NEEDED
A19: TOTAL | D19: =SUM(D8:D18) -> 450.1 | E19: =SUM(E8:E18) -> 10 | F19: =SUM(F8:F18) -> 440.1 | G19: =SUM(G8:G18) -> 404.2 | H19: =SUM(H8:H18) -> 35.9 | I19: =SUM(I8:I18) -> 8532.6 | J19: =SUM(J8:J18) -> 1174.5 | K19: =SUM(K8:K18) -> 9707.1 | L19: =IF(COUNTIF(L8:L18,"RATE NEEDED")>0,COUNTIF(L8:L18,"RATE NEEDED")&" rate(s) missing — total incomplete","") -> 3 rate(s) missing — total incomplete
A21: How it works:
A22: • Hours come from the 'Hours Detail' tab (time-clock Payroll Report). Rows for the same person at different locations are added together before overtime.
A23: • Overtime: hours over B4 in each Fri–Thu workweek are paid at the B5 multiplier. Overtime is never averaged across the two weeks of a bi-weekly period.
A24: • Rates and withheld hours come from the 'Rates' tab (from the 2026 rate sheet). Yellow cells need your input; blue text = typed-in values.
A25: • Gross pay is before taxes and deductions — QuickBooks figures those when you run payroll.

Sheet QuickBooks Entry
A1: Enter in QuickBooks Payroll — Oct 2 – Oct 8, 2026
A3: Employee | B3: Regular Hours | C3: Overtime Hours | D3: Rate | E3: Gross Pay
A4: Christopher Perez | B4: =SUMIFS(Payroll!$G$8:$G$18,Payroll!$A$8:$A$18,A4) -> 34.4 | C4: =SUMIFS(Payroll!$H$8:$H$18,Payroll!$A$8:$A$18,A4) -> 0 | D4: =INDEX(Payroll!$C$8:$C$18,MATCH(A4,Payroll!$A$8:$A$18,0)) | E4: =IF(D4="","RATE NEEDED",SUMIFS(Payroll!$K$8:$K$18,Payroll!$A$8:$A$18,A4)) -> RATE NEEDED
A5: Eduardo Gutierrez | B5: =SUMIFS(Payroll!$G$8:$G$18,Payroll!$A$8:$A$18,A5) -> 40 | C5: =SUMIFS(Payroll!$H$8:$H$18,Payroll!$A$8:$A$18,A5) -> 1.5 | D5: =INDEX(Payroll!$C$8:$C$18,MATCH(A5,Payroll!$A$8:$A$18,0)) -> 28 | E5: =IF(D5="","RATE NEEDED",SUMIFS(Payroll!$K$8:$K$18,Payroll!$A$8:$A$18,A5)) -> 1183
A6: Enriquillo Munoz | B6: =SUMIFS(Payroll!$G$8:$G$18,Payroll!$A$8:$A$18,A6) -> 39.8 | C6: =SUMIFS(Payroll!$H$8:$H$18,Payroll!$A$8:$A$18,A6) -> 0 | D6: =INDEX(Payroll!$C$8:$C$18,MATCH(A6,Payroll!$A$8:$A$18,0)) -> 35 | E6: =IF(D6="","RATE NEEDED",SUMIFS(Payroll!$K$8:$K$18,Payroll!$A$8:$A$18,A6)) -> 1393
A7: Johnley Theagene | B7: =SUMIFS(Payroll!$G$8:$G$18,Payroll!$A$8:$A$18,A7) -> 40 | C7: =SUMIFS(Payroll!$H$8:$H$18,Payroll!$A$8:$A$18,A7) -> 3.4 | D7: =INDEX(Payroll!$C$8:$C$18,MATCH(A7,Payroll!$A$8:$A$18,0)) | E7: =IF(D7="","RATE NEEDED",SUMIFS(Payroll!$K$8:$K$18,Payroll!$A$8:$A$18,A7)) -> RATE NEEDED
A8: Marcelo Rodrigues | B8: =SUMIFS(Payroll!$G$8:$G$18,Payroll!$A$8:$A$18,A8) -> 40 | C8: =SUMIFS(Payroll!$H$8:$H$18,Payroll!$A$8:$A$18,A8) -> 5.7 | D8: =INDEX(Payroll!$C$8:$C$18,MATCH(A8,Payroll!$A$8:$A$18,0)) -> 30 | E8: =IF(D8="","RATE NEEDED",SUMIFS(Payroll!$K$8:$K$18,Payroll!$A$8:$A$18,A8)) -> 1456.5
A9: Marco Paz | B9: =SUMIFS(Payroll!$G$8:$G$18,Payroll!$A$8:$A$18,A9) -> 36.6 | C9: =SUMIFS(Payroll!$H$8:$H$18,Payroll!$A$8:$A$18,A9) -> 0 | D9: =INDEX(Payroll!$C$8:$C$18,MATCH(A9,Payroll!$A$8:$A$18,0)) -> 26 | E9: =IF(D9="","RATE NEEDED",SUMIFS(Payroll!$K$8:$K$18,Payroll!$A$8:$A$18,A9)) -> 951.6
A10: Mateo Moreno | B10: =SUMIFS(Payroll!$G$8:$G$18,Payroll!$A$8:$A$18,A10) -> 13.4 | C10: =SUMIFS(Payroll!$H$8:$H$18,Payroll!$A$8:$A$18,A10) -> 0 | D10: =INDEX(Payroll!$C$8:$C$18,MATCH(A10,Payroll!$A$8:$A$18,0)) -> 20 | E10: =IF(D10="","RATE NEEDED",SUMIFS(Payroll!$K$8:$K$18,Payroll!$A$8:$A$18,A10)) -> 268
A11: Nestor Marrero | B11: =SUMIFS(Payroll!$G$8:$G$18,Payroll!$A$8:$A$18,A11) -> 40 | C11: =SUMIFS(Payroll!$H$8:$H$18,Payroll!$A$8:$A$18,A11) -> 4.1 | D11: =INDEX(Payroll!$C$8:$C$18,MATCH(A11,Payroll!$A$8:$A$18,0)) -> 20 | E11: =IF(D11="","RATE NEEDED",SUMIFS(Payroll!$K$8:$K$18,Payroll!$A$8:$A$18,A11)) -> 923
A12: Robert Gil | B12: =SUMIFS(Payroll!$G$8:$G$18,Payroll!$A$8:$A$18,A12) -> 40 | C12: =SUMIFS(Payroll!$H$8:$H$18,Payroll!$A$8:$A$18,A12) -> 4.4 | D12: =INDEX(Payroll!$C$8:$C$18,MATCH(A12,Payroll!$A$8:$A$18,0)) -> 40 | E12: =IF(D12="","RATE NEEDED",SUMIFS(Payroll!$K$8:$K$18,Payroll!$A$8:$A$18,A12)) -> 1864
A13: Rodrigo Cunha | B13: =SUMIFS(Payroll!$G$8:$G$18,Payroll!$A$8:$A$18,A13) -> 40 | C13: =SUMIFS(Payroll!$H$8:$H$18,Payroll!$A$8:$A$18,A13) -> 10.4 | D13: =INDEX(Payroll!$C$8:$C$18,MATCH(A13,Payroll!$A$8:$A$18,0)) -> 30 | E13: =IF(D13="","RATE NEEDED",SUMIFS(Payroll!$K$8:$K$18,Payroll!$A$8:$A$18,A13)) -> 1668
A14: Ryan Willis | B14: =SUMIFS(Payroll!$G$8:$G$18,Payroll!$A$8:$A$18,A14) -> 40 | C14: =SUMIFS(Payroll!$H$8:$H$18,Payroll!$A$8:$A$18,A14) -> 6.4 | D14: =INDEX(Payroll!$C$8:$C$18,MATCH(A14,Payroll!$A$8:$A$18,0)) | E14: =IF(D14="","RATE NEEDED",SUMIFS(Payroll!$K$8:$K$18,Payroll!$A$8:$A$18,A14)) -> RATE NEEDED
A15: TOTAL | B15: =SUM(B4:B14) -> 404.2 | C15: =SUM(C4:C14) -> 35.9 | E15: =SUM(E4:E14) -> 9707.1
A17: QuickBooks multiplies hours by the rate saved on each employee's profile — make sure those rates match column D.

Sheet Rates
A1: Employee | B1: Hourly Rate | C1: Hours Withheld (this period) | D1: Note
A2: Robert Gil | B2: 40 | C2: 0
A3: Nestor Marrero | B3: 20 | C3: 0 | D3: Spelled "Nestor Murroro" on the rate sheet
A4: Marco Paz | B4: 26 | C4: 0
A5: Eduardo Gutierrez | B5: 28 | C5: 0
A6: Enriquillo Munoz | B6: 35 | C6: 0
A7: Tom Marshal | B7: 18 | C7: 0
A8: Mateo Moreno | B8: 20 | C8: 10 | D8: Rate sheet note: "withold 10 Hours" (confirm whether one-time or every period)
A9: Rodrigo Cunha | B9: 30 | C9: 0
A10: Marcelo Rodrigues | B10: 30 | C10: 0
A11: Mike Markley | B11: 60 | C11: 0
A12: Christopher Perez | C12: 0 | D12: RATE NOT ON RATE SHEET
A13: Johnley Theagene | C13: 0 | D13: RATE NOT ON RATE SHEET
A14: Ryan Willis | C14: 0 | D14: RATE NOT ON RATE SHEET

Sheet Hours Detail
A1: Employee | B1: Location | C1: Fri 10/2 | D1: Sat 10/3 | E1: Sun 10/4 | F1: Mon 10/5 | G1: Tue 10/6 | H1: Wed 10/7 | I1: Thu 10/8 | J1: Week 1 Hrs | K1: Report Worked | L1: Check
A2: Christopher Perez | C2: 7.2 | G2: 8 | H2: 7.9 | I2: 11.3 | J2: =SUM(C2:I2) -> 34.4 | K2: 34.4 | L2: =IF(K2="","",IF(ABS(SUM(J2:J2)-K2)<0.05,"OK","MISMATCH")) -> OK
A3: Eduardo Gutierrez | C3: 8 | F3: 7.9 | G3: 8.3 | H3: 9 | I3: 8.3 | J3: =SUM(C3:I3) -> 41.5 | K3: 41.5 | L3: =IF(K3="","",IF(ABS(SUM(J3:J3)-K3)<0.05,"OK","MISMATCH")) -> OK
A4: Enriquillo Munoz | C4: 6.8 | F4: 8.4 | G4: 8.2 | H4: 7.4 | I4: 9 | J4: =SUM(C4:I4) -> 39.8 | K4: 39.8 | L4: =IF(K4="","",IF(ABS(SUM(J4:J4)-K4)<0.05,"OK","MISMATCH")) -> OK
A5: Johnley Theagene | B5: AWAY | C5: 7.6 | G5: 7.8 | H5: 8.2 | I5: 11.2 | J5: =SUM(C5:I5) -> 34.8 | K5: 34.8 | L5: =IF(K5="","",IF(ABS(SUM(J5:J5)-K5)<0.05,"OK","MISMATCH")) -> OK
A6: Johnley Theagene | B6: FLL | F6: 8.6 | J6: =SUM(C6:I6) -> 8.6 | K6: 8.6 | L6: =IF(K6="","",IF(ABS(SUM(J6:J6)-K6)<0.05,"OK","MISMATCH")) -> OK
A7: Marcelo Rodrigues | C7: 8.1 | F7: 9.5 | G7: 8.3 | H7: 10.1 | I7: 9.7 | J7: =SUM(C7:I7) -> 45.7 | K7: 45.7 | L7: =IF(K7="","",IF(ABS(SUM(J7:J7)-K7)<0.05,"OK","MISMATCH")) -> OK
A8: Marco Paz | C8: 8 | D8: 4.2 | F8: 9.1 | G8: 8.1 | H8: 6.7 | I8: 0.5 | J8: =SUM(C8:I8) -> 36.6 | K8: 36.6 | L8: =IF(K8="","",IF(ABS(SUM(J8:J8)-K8)<0.05,"OK","MISMATCH")) -> OK
A9: Mateo Moreno | C9: 7.7 | G9: 7.8 | H9: 7.9 | J9: =SUM(C9:I9) -> 23.4 | K9: 23.4 | L9: =IF(K9="","",IF(ABS(SUM(J9:J9)-K9)<0.05,"OK","MISMATCH")) -> OK
A10: Nestor Marrero | C10: 8 | D10: 3.8 | F10: 8.1 | G10: 8.4 | H10: 7.9 | I10: 7.9 | J10: =SUM(C10:I10) -> 44.1 | K10: 44.1 | L10: =IF(K10="","",IF(ABS(SUM(J10:J10)-K10)<0.05,"OK","MISMATCH")) -> OK
A11: Robert Gil | C11: 8.2 | D11: 7.6 | F11: 7.9 | G11: 4.7 | H11: 8.2 | I11: 7.8 | J11: =SUM(C11:I11) -> 44.4 | K11: 44.4 | L11: =IF(K11="","",IF(ABS(SUM(J11:J11)-K11)<0.05,"OK","MISMATCH")) -> OK
A12: Rodrigo Cunha | C12: 8.3 | D12: 7.6 | F12: 8.1 | G12: 8.4 | H12: 8.1 | I12: 9.9 | J12: =SUM(C12:I12) -> 50.4 | K12: 50.4 | L12: =IF(K12="","",IF(ABS(SUM(J12:J12)-K12)<0.05,"OK","MISMATCH")) -> OK
A13: Ryan Willis | C13: 9.2 | F13: 10 | G13: 8.8 | H13: 9.1 | I13: 9.3 | J13: =SUM(C13:I13) -> 46.4 | K13: 46.4 | L13: =IF(K13="","",IF(ABS(SUM(J13:J13)-K13)<0.05,"OK","MISMATCH")) -> OK
